,pclass,survived,sex,age,sibsp,parch,fare,embarked
0,1.0,1.0,0,29.0,0.0,0.0,211.3375,2
1,1.0,1.0,1,0.9167,1.0,2.0,151.55,2
2,1.0,0.0,0,2.0,1.0,2.0,151.55,2
3,1.0,0.0,1,30.0,1.0,2.0,151.55,2
4,1.0,0.0,0,25.0,1.0,2.0,151.55,2
5,1.0,1.0,1,48.0,0.0,0.0,26.55,2
6,1.0,1.0,0,63.0,1.0,0.0,77.9583,2
7,1.0,0.0,1,39.0,0.0,0.0,0.0,2
8,1.0,1.0,0,53.0,2.0,0.0,51.4792,2
9,1.0,0.0,1,71.0,0.0,0.0,49.5042,0
10,1.0,0.0,1,47.0,1.0,0.0,227.525,0
11,1.0,1.0,0,18.0,1.0,0.0,227.525,0
12,1.0,1.0,0,24.0,0.0,0.0,69.3,0
13,1.0,1.0,0,26.0,0.0,0.0,78.85,2
14,1.0,1.0,1,80.0,0.0,0.0,30.0,2
16,1.0,0.0,1,24.0,0.0,1.0,247.5208,0
17,1.0,1.0,0,50.0,0.0,1.0,247.5208,0
18,1.0,1.0,0,32.0,0.0,0.0,76.2917,0
19,1.0,0.0,1,36.0,0.0,0.0,75.2417,0
20,1.0,1.0,1,37.0,1.0,1.0,52.5542,2
21,1.0,1.0,0,47.0,1.0,1.0,52.5542,2
22,1.0,1.0,1,26.0,0.0,0.0,30.0,0
23,1.0,1.0,0,42.0,0.0,0.0,227.525,0
24,1.0,1.0,0,29.0,0.0,0.0,221.7792,2
25,1.0,0.0,1,25.0,0.0,0.0,26.0,0
26,1.0,1.0,1,25.0,1.0,0.0,91.0792,0
27,1.0,1.0,0,19.0,1.0,0.0,91.0792,0
28,1.0,1.0,0,35.0,0.0,0.0,135.6333,2
29,1.0,1.0,1,28.0,0.0,0.0,26.55,2
30,1.0,0.0,1,45.0,0.0,0.0,35.5,2
31,1.0,1.0,1,40.0,0.0,0.0,31.0,0
32,1.0,1.0,0,30.0,0.0,0.0,164.8667,2
33,1.0,1.0,0,58.0,0.0,0.0,26.55,2
34,1.0,0.0,1,42.0,0.0,0.0,26.55,2
35,1.0,1.0,0,45.0,0.0,0.0,262.375,0
36,1.0,1.0,0,22.0,0.0,1.0,55.0,2
38,1.0,0.0,1,41.0,0.0,0.0,30.5,2
39,1.0,0.0,1,48.0,0.0,0.0,50.4958,0
41,1.0,1.0,0,44.0,0.0,0.0,27.7208,0
42,1.0,1.0,0,59.0,2.0,0.0,51.4792,2
43,1.0,1.0,0,60.0,0.0,0.0,76.2917,0
44,1.0,1.0,0,41.0,0.0,0.0,134.5,0
45,1.0,0.0,1,45.0,0.0,0.0,26.55,2
47,1.0,1.0,1,42.0,0.0,0.0,26.2875,2
48,1.0,1.0,0,53.0,0.0,0.0,27.4458,0
49,1.0,1.0,1,36.0,0.0,1.0,512.3292,0
50,1.0,1.0,0,58.0,0.0,1.0,512.3292,0
51,1.0,0.0,1,33.0,0.0,0.0,5.0,2
52,1.0,0.0,1,28.0,0.0,0.0,47.1,2
53,1.0,0.0,1,17.0,0.0,0.0,47.1,2
54,1.0,1.0,1,11.0,1.0,2.0,120.0,2
55,1.0,1.0,0,14.0,1.0,2.0,120.0,2
56,1.0,1.0,1,36.0,1.0,2.0,120.0,2
57,1.0,1.0,0,36.0,1.0,2.0,120.0,2
58,1.0,0.0,1,49.0,0.0,0.0,26.0,2
60,1.0,0.0,1,36.0,1.0,0.0,78.85,2
61,1.0,1.0,0,76.0,1.0,0.0,78.85,2
62,1.0,0.0,1,46.0,1.0,0.0,61.175,2
63,1.0,1.0,0,47.0,1.0,0.0,61.175,2
64,1.0,1.0,1,27.0,1.0,0.0,53.1,2
65,1.0,1.0,0,33.0,1.0,0.0,53.1,2
66,1.0,1.0,0,36.0,0.0,0.0,262.375,0
67,1.0,1.0,0,30.0,0.0,0.0,86.5,2
68,1.0,1.0,1,45.0,0.0,0.0,29.7,0
71,1.0,0.0,1,27.0,1.0,0.0,136.7792,0
72,1.0,1.0,0,26.0,1.0,0.0,136.7792,0
73,1.0,1.0,0,22.0,0.0,0.0,151.55,2
75,1.0,0.0,1,47.0,0.0,0.0,25.5875,2
76,1.0,1.0,0,39.0,1.0,1.0,83.1583,0
77,1.0,0.0,1,37.0,1.0,1.0,83.1583,0
78,1.0,1.0,0,64.0,0.0,2.0,83.1583,0
79,1.0,1.0,0,55.0,2.0,0.0,25.7,2
81,1.0,0.0,1,70.0,1.0,1.0,71.0,2
82,1.0,1.0,0,36.0,0.0,2.0,71.0,2
83,1.0,1.0,0,64.0,1.0,1.0,26.55,2
84,1.0,0.0,1,39.0,1.0,0.0,71.2833,0
85,1.0,1.0,0,38.0,1.0,0.0,71.2833,0
86,1.0,1.0,1,51.0,0.0,0.0,26.55,2
87,1.0,1.0,1,27.0,0.0,0.0,30.5,2
88,1.0,1.0,0,33.0,0.0,0.0,151.55,2
89,1.0,0.0,1,31.0,1.0,0.0,52.0,2
90,1.0,1.0,0,27.0,1.0,2.0,52.0,2
91,1.0,1.0,1,31.0,1.0,0.0,57.0,2
92,1.0,1.0,0,17.0,1.0,0.0,57.0,2
93,1.0,1.0,1,53.0,1.0,1.0,81.8583,2
94,1.0,1.0,1,4.0,0.0,2.0,81.8583,2
95,1.0,1.0,0,54.0,1.0,1.0,81.8583,2
96,1.0,0.0,1,50.0,1.0,0.0,106.425,0
97,1.0,1.0,0,27.0,1.0,1.0,247.5208,0
98,1.0,1.0,0,48.0,1.0,0.0,106.425,0
99,1.0,1.0,0,48.0,1.0,0.0,39.6,0
100,1.0,1.0,1,49.0,1.0,0.0,56.9292,0
101,1.0,0.0,1,39.0,0.0,0.0,29.7,0
102,1.0,1.0,0,23.0,0.0,1.0,83.1583,0
103,1.0,1.0,0,38.0,0.0,0.0,227.525,0
104,1.0,1.0,0,54.0,1.0,0.0,78.2667,0
105,1.0,0.0,0,36.0,0.0,0.0,31.6792,0
109,1.0,1.0,1,36.0,0.0,0.0,26.3875,2
110,1.0,0.0,1,30.0,0.0,0.0,27.75,0
111,1.0,1.0,0,24.0,3.0,2.0,263.0,2
112,1.0,1.0,0,28.0,3.0,2.0,263.0,2
113,1.0,1.0,0,23.0,3.0,2.0,263.0,2
114,1.0,0.0,1,19.0,3.0,2.0,263.0,2
115,1.0,0.0,1,64.0,1.0,4.0,263.0,2
116,1.0,1.0,0,60.0,1.0,4.0,263.0,2
117,1.0,1.0,0,30.0,0.0,0.0,56.9292,0
119,1.0,1.0,1,50.0,2.0,0.0,133.65,2
120,1.0,1.0,1,43.0,1.0,0.0,27.7208,0
122,1.0,1.0,0,22.0,0.0,2.0,49.5,0
123,1.0,1.0,1,60.0,1.0,1.0,79.2,0
124,1.0,1.0,0,48.0,1.0,1.0,79.2,0
126,1.0,0.0,1,37.0,1.0,0.0,53.1,2
127,1.0,1.0,0,35.0,1.0,0.0,53.1,2
128,1.0,0.0,1,47.0,0.0,0.0,38.5,2
129,1.0,1.0,0,35.0,0.0,0.0,211.5,0
130,1.0,1.0,0,22.0,0.0,1.0,59.4,0
131,1.0,1.0,0,45.0,0.0,1.0,59.4,0
132,1.0,0.0,1,24.0,0.0,0.0,79.2,0
133,1.0,1.0,1,49.0,1.0,0.0,89.1042,0
135,1.0,0.0,1,71.0,0.0,0.0,34.6542,0
136,1.0,1.0,1,53.0,0.0,0.0,28.5,0
137,1.0,1.0,0,19.0,0.0,0.0,30.0,2
138,1.0,0.0,1,38.0,0.0,1.0,153.4625,2
139,1.0,1.0,0,58.0,0.0,1.0,153.4625,2
140,1.0,1.0,1,23.0,0.0,1.0,63.3583,0
141,1.0,1.0,0,45.0,0.0,1.0,63.3583,0
142,1.0,0.0,1,46.0,0.0,0.0,79.2,0
143,1.0,1.0,1,25.0,1.0,0.0,55.4417,0
144,1.0,1.0,0,25.0,1.0,0.0,55.4417,0
145,1.0,1.0,1,48.0,1.0,0.0,76.7292,0
146,1.0,1.0,0,49.0,1.0,0.0,76.7292,0
148,1.0,0.0,1,45.0,1.0,0.0,83.475,2
149,1.0,1.0,0,35.0,1.0,0.0,83.475,2
150,1.0,0.0,1,40.0,0.0,0.0,0.0,2
151,1.0,1.0,1,27.0,0.0,0.0,76.7292,0
153,1.0,1.0,0,24.0,0.0,0.0,83.1583,0
154,1.0,0.0,1,55.0,1.0,1.0,93.5,2
155,1.0,1.0,0,52.0,1.0,1.0,93.5,2
156,1.0,0.0,1,42.0,0.0,0.0,42.5,2
158,1.0,0.0,1,55.0,0.0,0.0,50.0,2
159,1.0,1.0,0,16.0,0.0,1.0,57.9792,0
160,1.0,1.0,0,44.0,0.0,1.0,57.9792,0
161,1.0,1.0,0,51.0,1.0,0.0,77.9583,2
162,1.0,0.0,1,42.0,1.0,0.0,52.0,2
163,1.0,1.0,0,35.0,1.0,0.0,52.0,2
164,1.0,1.0,1,35.0,0.0,0.0,26.55,0
165,1.0,1.0,1,38.0,1.0,0.0,90.0,2
167,1.0,1.0,0,35.0,1.0,0.0,90.0,2
169,1.0,0.0,0,50.0,0.0,0.0,28.7125,0
170,1.0,1.0,1,49.0,0.0,0.0,0.0,2
171,1.0,0.0,1,46.0,0.0,0.0,26.0,2
172,1.0,0.0,1,50.0,0.0,0.0,26.0,2
173,1.0,0.0,1,32.5,0.0,0.0,211.5,0
174,1.0,0.0,1,58.0,0.0,0.0,29.7,0
175,1.0,0.0,1,41.0,1.0,0.0,51.8625,2
177,1.0,1.0,1,42.0,1.0,0.0,52.5542,2
178,1.0,1.0,0,45.0,1.0,0.0,52.5542,2
180,1.0,1.0,0,39.0,0.0,0.0,211.3375,2
181,1.0,1.0,0,49.0,0.0,0.0,25.9292,2
182,1.0,1.0,0,30.0,0.0,0.0,106.425,0
183,1.0,1.0,1,35.0,0.0,0.0,512.3292,0
185,1.0,0.0,1,42.0,0.0,0.0,26.55,2
186,1.0,1.0,0,55.0,0.0,0.0,27.7208,0
187,1.0,1.0,0,16.0,0.0,1.0,39.4,2
188,1.0,1.0,0,51.0,0.0,1.0,39.4,2
189,1.0,0.0,1,29.0,0.0,0.0,30.0,2
190,1.0,1.0,0,21.0,0.0,0.0,77.9583,2
191,1.0,0.0,1,30.0,0.0,0.0,45.5,2
192,1.0,1.0,0,58.0,0.0,0.0,146.5208,0
193,1.0,1.0,0,15.0,0.0,1.0,211.3375,2
194,1.0,0.0,1,30.0,0.0,0.0,26.0,2
195,1.0,1.0,0,16.0,0.0,0.0,86.5,2
197,1.0,0.0,1,19.0,1.0,0.0,53.1,2
198,1.0,1.0,0,18.0,1.0,0.0,53.1,2
199,1.0,1.0,0,24.0,0.0,0.0,49.5042,0
200,1.0,0.0,1,46.0,0.0,0.0,75.2417,0
201,1.0,0.0,1,54.0,0.0,0.0,51.8625,2
202,1.0,1.0,1,36.0,0.0,0.0,26.2875,2
203,1.0,0.0,1,28.0,1.0,0.0,82.1708,0
205,1.0,0.0,1,65.0,0.0,0.0,26.55,2
206,1.0,0.0,1,44.0,2.0,0.0,90.0,1
207,1.0,1.0,0,33.0,1.0,0.0,90.0,1
208,1.0,1.0,0,37.0,1.0,0.0,90.0,1
209,1.0,1.0,1,30.0,1.0,0.0,57.75,0
210,1.0,0.0,1,55.0,0.0,0.0,30.5,2
211,1.0,0.0,1,47.0,0.0,0.0,42.4,2
212,1.0,0.0,1,37.0,0.0,1.0,29.7,0
213,1.0,1.0,0,31.0,1.0,0.0,113.275,0
214,1.0,1.0,0,23.0,1.0,0.0,113.275,0
215,1.0,0.0,1,58.0,0.0,2.0,113.275,0
216,1.0,1.0,0,19.0,0.0,2.0,26.2833,2
217,1.0,0.0,1,64.0,0.0,0.0,26.0,2
218,1.0,1.0,0,39.0,0.0,0.0,108.9,0
220,1.0,1.0,0,22.0,0.0,1.0,61.9792,0
221,1.0,0.0,1,65.0,0.0,1.0,61.9792,0
222,1.0,0.0,1,28.5,0.0,0.0,27.7208,0
224,1.0,0.0,1,45.5,0.0,0.0,28.5,2
225,1.0,0.0,1,23.0,0.0,0.0,93.5,2
226,1.0,0.0,1,29.0,1.0,0.0,66.6,2
227,1.0,1.0,0,22.0,1.0,0.0,66.6,2
228,1.0,0.0,1,18.0,1.0,0.0,108.9,0
229,1.0,1.0,0,17.0,1.0,0.0,108.9,0
230,1.0,1.0,0,30.0,0.0,0.0,93.5,2
231,1.0,1.0,1,52.0,0.0,0.0,30.5,2
232,1.0,0.0,1,47.0,0.0,0.0,52.0,2
233,1.0,1.0,0,56.0,0.0,1.0,83.1583,0
234,1.0,0.0,1,38.0,0.0,0.0,0.0,2
236,1.0,0.0,1,22.0,0.0,0.0,135.6333,0
238,1.0,1.0,0,43.0,0.0,1.0,211.3375,2
239,1.0,0.0,1,31.0,0.0,0.0,50.4958,2
240,1.0,1.0,1,45.0,0.0,0.0,26.55,2
242,1.0,1.0,0,33.0,0.0,0.0,27.7208,0
243,1.0,0.0,1,46.0,0.0,0.0,79.2,0
244,1.0,0.0,1,36.0,0.0,0.0,40.125,0
245,1.0,1.0,0,33.0,0.0,0.0,86.5,2
246,1.0,0.0,1,55.0,1.0,0.0,59.4,0
247,1.0,1.0,0,54.0,1.0,0.0,59.4,0
248,1.0,0.0,1,33.0,0.0,0.0,26.55,2
249,1.0,1.0,1,13.0,2.0,2.0,262.375,0
250,1.0,1.0,0,18.0,2.0,2.0,262.375,0
251,1.0,1.0,0,21.0,2.0,2.0,262.375,0
252,1.0,0.0,1,61.0,1.0,3.0,262.375,0
253,1.0,1.0,0,48.0,1.0,3.0,262.375,0
255,1.0,1.0,0,24.0,0.0,0.0,69.3,0
257,1.0,1.0,0,35.0,1.0,0.0,57.75,0
258,1.0,1.0,0,30.0,0.0,0.0,31.0,0
259,1.0,1.0,1,34.0,0.0,0.0,26.55,2
260,1.0,1.0,0,40.0,0.0,0.0,153.4625,2
261,1.0,1.0,1,35.0,0.0,0.0,26.2875,2
262,1.0,0.0,1,50.0,1.0,0.0,55.9,2
263,1.0,1.0,0,39.0,1.0,0.0,55.9,2
264,1.0,1.0,1,56.0,0.0,0.0,35.5,0
265,1.0,1.0,1,28.0,0.0,0.0,35.5,2
266,1.0,0.0,1,56.0,0.0,0.0,26.55,2
267,1.0,0.0,1,56.0,0.0,0.0,30.6958,0
268,1.0,0.0,1,24.0,1.0,0.0,60.0,2
270,1.0,1.0,0,18.0,1.0,0.0,60.0,2
271,1.0,1.0,1,24.0,1.0,0.0,82.2667,2
272,1.0,1.0,0,23.0,1.0,0.0,82.2667,2
273,1.0,1.0,1,6.0,0.0,2.0,134.5,0
274,1.0,1.0,1,45.0,1.0,1.0,134.5,0
275,1.0,1.0,0,40.0,1.0,1.0,134.5,0
276,1.0,0.0,1,57.0,1.0,0.0,146.5208,0
278,1.0,1.0,1,32.0,0.0,0.0,30.5,0
279,1.0,0.0,1,62.0,0.0,0.0,26.55,2
280,1.0,1.0,1,54.0,1.0,0.0,55.4417,0
281,1.0,1.0,0,43.0,1.0,0.0,55.4417,0
282,1.0,1.0,0,52.0,1.0,0.0,78.2667,0
285,1.0,0.0,1,67.0,1.0,0.0,221.7792,2
286,1.0,0.0,0,63.0,1.0,0.0,221.7792,2
287,1.0,0.0,1,61.0,0.0,0.0,32.3208,2
288,1.0,1.0,0,48.0,0.0,0.0,25.9292,2
289,1.0,1.0,0,18.0,0.0,2.0,79.65,2
290,1.0,0.0,1,52.0,1.0,1.0,79.65,2
291,1.0,1.0,0,39.0,1.0,1.0,79.65,2
292,1.0,1.0,1,48.0,1.0,0.0,52.0,2
294,1.0,0.0,1,49.0,1.0,1.0,110.8833,0
295,1.0,1.0,1,17.0,0.0,2.0,110.8833,0
296,1.0,1.0,0,39.0,1.0,1.0,110.8833,0
298,1.0,1.0,1,31.0,0.0,0.0,28.5375,0
299,1.0,0.0,1,40.0,0.0,0.0,27.7208,0
300,1.0,0.0,1,61.0,0.0,0.0,33.5,2
301,1.0,0.0,1,47.0,0.0,0.0,34.0208,2
302,1.0,1.0,0,35.0,0.0,0.0,512.3292,0
303,1.0,0.0,1,64.0,1.0,0.0,75.25,0
304,1.0,1.0,0,60.0,1.0,0.0,75.25,0
305,1.0,0.0,1,60.0,0.0,0.0,26.55,2
306,1.0,0.0,1,54.0,0.0,1.0,77.2875,2
307,1.0,0.0,1,21.0,0.0,1.0,77.2875,2
308,1.0,1.0,0,55.0,0.0,0.0,135.6333,0
309,1.0,1.0,0,31.0,0.0,2.0,164.8667,2
310,1.0,0.0,1,57.0,1.0,1.0,164.8667,2
311,1.0,1.0,0,45.0,1.0,1.0,164.8667,2
312,1.0,0.0,1,50.0,1.0,1.0,211.5,0
313,1.0,0.0,1,27.0,0.0,2.0,211.5,0
314,1.0,1.0,0,50.0,1.0,1.0,211.5,0
315,1.0,1.0,0,21.0,0.0,0.0,26.55,2
316,1.0,0.0,1,51.0,0.0,1.0,61.3792,0
317,1.0,1.0,1,21.0,0.0,1.0,61.3792,0
319,1.0,1.0,0,31.0,0.0,0.0,134.5,0
321,1.0,0.0,1,62.0,0.0,0.0,26.55,2
322,1.0,1.0,0,36.0,0.0,0.0,135.6333,0
323,2.0,0.0,1,30.0,1.0,0.0,24.0,0
324,2.0,1.0,0,28.0,1.0,0.0,24.0,0
325,2.0,0.0,1,30.0,0.0,0.0,13.0,2
326,2.0,0.0,1,18.0,0.0,0.0,11.5,2
327,2.0,0.0,1,25.0,0.0,0.0,10.5,2
328,2.0,0.0,1,34.0,1.0,0.0,26.0,2
329,2.0,1.0,0,36.0,1.0,0.0,26.0,2
330,2.0,0.0,1,57.0,0.0,0.0,13.0,2
331,2.0,0.0,1,18.0,0.0,0.0,11.5,2
332,2.0,0.0,1,23.0,0.0,0.0,10.5,2
333,2.0,1.0,0,36.0,0.0,0.0,13.0,2
334,2.0,0.0,1,28.0,0.0,0.0,10.5,2
335,2.0,0.0,1,51.0,0.0,0.0,12.525,2
336,2.0,1.0,1,32.0,1.0,0.0,26.0,2
337,2.0,1.0,0,19.0,1.0,0.0,26.0,2
338,2.0,0.0,1,28.0,0.0,0.0,26.0,2
339,2.0,1.0,1,1.0,2.0,1.0,39.0,2
340,2.0,1.0,0,4.0,2.0,1.0,39.0,2
341,2.0,1.0,0,12.0,2.0,1.0,39.0,2
342,2.0,1.0,0,36.0,0.0,3.0,39.0,2
343,2.0,1.0,1,34.0,0.0,0.0,13.0,2
344,2.0,1.0,0,19.0,0.0,0.0,13.0,2
345,2.0,0.0,1,23.0,0.0,0.0,13.0,2
346,2.0,0.0,1,26.0,0.0,0.0,13.0,2
347,2.0,0.0,1,42.0,0.0,0.0,13.0,2
348,2.0,0.0,1,27.0,0.0,0.0,13.0,2
349,2.0,1.0,0,24.0,0.0,0.0,13.0,2
350,2.0,1.0,0,15.0,0.0,2.0,39.0,2
351,2.0,0.0,1,60.0,1.0,1.0,39.0,2
352,2.0,1.0,0,40.0,1.0,1.0,39.0,2
353,2.0,1.0,0,20.0,1.0,0.0,26.0,2
354,2.0,0.0,1,25.0,1.0,0.0,26.0,2
355,2.0,1.0,0,36.0,0.0,0.0,13.0,2
356,2.0,0.0,1,25.0,0.0,0.0,13.0,2
357,2.0,0.0,1,42.0,0.0,0.0,13.0,2
358,2.0,1.0,0,42.0,0.0,0.0,13.0,2
359,2.0,1.0,1,0.8333,0.0,2.0,29.0,2
360,2.0,1.0,1,26.0,1.0,1.0,29.0,2
361,2.0,1.0,0,22.0,1.0,1.0,29.0,2
362,2.0,1.0,0,35.0,0.0,0.0,21.0,2
364,2.0,0.0,1,19.0,0.0,0.0,13.0,2
365,2.0,0.0,0,44.0,1.0,0.0,26.0,2
366,2.0,0.0,1,54.0,1.0,0.0,26.0,2
367,2.0,0.0,1,52.0,0.0,0.0,13.5,2
368,2.0,0.0,1,37.0,1.0,0.0,26.0,2
369,2.0,0.0,0,29.0,1.0,0.0,26.0,2
370,2.0,1.0,0,25.0,1.0,1.0,30.0,2
371,2.0,1.0,0,45.0,0.0,2.0,30.0,2
372,2.0,0.0,1,29.0,1.0,0.0,26.0,2
373,2.0,1.0,0,28.0,1.0,0.0,26.0,2
374,2.0,0.0,1,29.0,0.0,0.0,10.5,2
375,2.0,0.0,1,28.0,0.0,0.0,13.0,2
376,2.0,1.0,1,24.0,0.0,0.0,10.5,2
377,2.0,1.0,0,8.0,0.0,2.0,26.25,2
378,2.0,0.0,1,31.0,1.0,1.0,26.25,2
379,2.0,1.0,0,31.0,1.0,1.0,26.25,2
380,2.0,1.0,0,22.0,0.0,0.0,10.5,2
381,2.0,0.0,0,30.0,0.0,0.0,13.0,2
383,2.0,0.0,1,21.0,0.0,0.0,11.5,2
385,2.0,1.0,1,8.0,1.0,1.0,36.75,2
386,2.0,0.0,1,18.0,0.0,0.0,73.5,2
387,2.0,1.0,0,48.0,0.0,2.0,36.75,2
388,2.0,1.0,0,28.0,0.0,0.0,13.0,2
389,2.0,0.0,1,32.0,0.0,0.0,13.0,2
390,2.0,0.0,1,17.0,0.0,0.0,73.5,2
391,2.0,0.0,1,29.0,1.0,0.0,27.7208,0
392,2.0,1.0,0,24.0,1.0,0.0,27.7208,0
393,2.0,0.0,1,25.0,0.0,0.0,31.5,2
394,2.0,0.0,1,18.0,0.0,0.0,73.5,2
395,2.0,1.0,0,18.0,0.0,1.0,23.0,2
396,2.0,1.0,0,34.0,0.0,1.0,23.0,2
397,2.0,0.0,1,54.0,0.0,0.0,26.0,2
398,2.0,1.0,1,8.0,0.0,2.0,32.5,2
399,2.0,0.0,1,42.0,1.0,1.0,32.5,2
400,2.0,1.0,0,34.0,1.0,1.0,32.5,2
401,2.0,1.0,0,27.0,1.0,0.0,13.8583,0
402,2.0,1.0,0,30.0,1.0,0.0,13.8583,0
403,2.0,0.0,1,23.0,0.0,0.0,13.0,2
404,2.0,0.0,1,21.0,0.0,0.0,13.0,2
405,2.0,0.0,1,18.0,0.0,0.0,13.0,2
406,2.0,0.0,1,40.0,1.0,0.0,26.0,2
407,2.0,1.0,0,29.0,1.0,0.0,26.0,2
408,2.0,0.0,1,18.0,0.0,0.0,10.5,2
409,2.0,0.0,1,36.0,0.0,0.0,13.0,2
411,2.0,0.0,0,38.0,0.0,0.0,13.0,2
412,2.0,0.0,1,35.0,0.0,0.0,26.0,2
413,2.0,0.0,1,38.0,1.0,0.0,21.0,2
414,2.0,0.0,1,34.0,1.0,0.0,21.0,2
415,2.0,1.0,0,34.0,0.0,0.0,13.0,2
416,2.0,0.0,1,16.0,0.0,0.0,26.0,2
417,2.0,0.0,1,26.0,0.0,0.0,10.5,2
418,2.0,0.0,1,47.0,0.0,0.0,10.5,2
419,2.0,0.0,1,21.0,1.0,0.0,11.5,2
420,2.0,0.0,1,21.0,1.0,0.0,11.5,2
421,2.0,0.0,1,24.0,0.0,0.0,13.5,2
422,2.0,0.0,1,24.0,0.0,0.0,13.0,2
423,2.0,0.0,1,34.0,0.0,0.0,13.0,2
424,2.0,0.0,1,30.0,0.0,0.0,13.0,2
425,2.0,0.0,1,52.0,0.0,0.0,13.0,2
426,2.0,0.0,1,30.0,0.0,0.0,13.0,2
427,2.0,1.0,1,0.6667,1.0,1.0,14.5,2
428,2.0,1.0,0,24.0,0.0,2.0,14.5,2
429,2.0,0.0,1,44.0,0.0,0.0,13.0,2
430,2.0,1.0,0,6.0,0.0,1.0,33.0,2
431,2.0,0.0,1,28.0,0.0,1.0,33.0,2
432,2.0,1.0,1,62.0,0.0,0.0,10.5,2
433,2.0,0.0,1,30.0,0.0,0.0,10.5,2
434,2.0,1.0,0,7.0,0.0,2.0,26.25,2
435,2.0,0.0,1,43.0,1.0,1.0,26.25,2
436,2.0,1.0,0,45.0,1.0,1.0,26.25,2
437,2.0,1.0,0,24.0,1.0,2.0,65.0,2
438,2.0,1.0,0,24.0,1.0,2.0,65.0,2
439,2.0,0.0,1,49.0,1.0,2.0,65.0,2
440,2.0,1.0,0,48.0,1.0,2.0,65.0,2
441,2.0,1.0,0,55.0,0.0,0.0,16.0,2
442,2.0,0.0,1,24.0,2.0,0.0,73.5,2
443,2.0,0.0,1,32.0,2.0,0.0,73.5,2
444,2.0,0.0,1,21.0,2.0,0.0,73.5,2
445,2.0,0.0,0,18.0,1.0,1.0,13.0,2
446,2.0,1.0,0,20.0,2.0,1.0,23.0,2
447,2.0,0.0,1,23.0,2.0,1.0,11.5,2
448,2.0,0.0,1,36.0,0.0,0.0,13.0,2
449,2.0,1.0,0,54.0,1.0,3.0,23.0,2
450,2.0,0.0,1,50.0,0.0,0.0,13.0,2
451,2.0,0.0,1,44.0,1.0,0.0,26.0,2
452,2.0,1.0,0,29.0,1.0,0.0,26.0,2
453,2.0,0.0,1,21.0,0.0,0.0,73.5,2
454,2.0,1.0,1,42.0,0.0,0.0,13.0,2
455,2.0,0.0,1,63.0,1.0,0.0,26.0,2
456,2.0,0.0,0,60.0,1.0,0.0,26.0,2
457,2.0,0.0,1,33.0,0.0,0.0,12.275,2
458,2.0,1.0,0,17.0,0.0,0.0,10.5,2
459,2.0,0.0,1,42.0,1.0,0.0,27.0,2
460,2.0,1.0,0,24.0,2.0,1.0,27.0,2
461,2.0,0.0,1,47.0,0.0,0.0,15.0,2
462,2.0,0.0,1,24.0,2.0,0.0,31.5,2
463,2.0,0.0,1,22.0,2.0,0.0,31.5,2
464,2.0,0.0,1,32.0,0.0,0.0,10.5,2
465,2.0,1.0,0,23.0,0.0,0.0,13.7917,0
466,2.0,0.0,1,34.0,1.0,0.0,26.0,2
467,2.0,1.0,0,24.0,1.0,0.0,26.0,2
468,2.0,0.0,0,22.0,0.0,0.0,21.0,2
470,2.0,0.0,1,35.0,0.0,0.0,12.35,1
471,2.0,1.0,0,45.0,0.0,0.0,13.5,2
472,2.0,0.0,1,57.0,0.0,0.0,12.35,1
474,2.0,0.0,1,31.0,0.0,0.0,10.5,2
475,2.0,0.0,0,26.0,1.0,1.0,26.0,2
476,2.0,0.0,1,30.0,1.0,1.0,26.0,2
478,2.0,1.0,0,1.0,1.0,2.0,41.5792,0
479,2.0,1.0,0,3.0,1.0,2.0,41.5792,0
480,2.0,0.0,1,25.0,1.0,2.0,41.5792,0
481,2.0,1.0,0,22.0,1.0,2.0,41.5792,0
482,2.0,1.0,0,17.0,0.0,0.0,12.0,0
484,2.0,1.0,0,34.0,0.0,0.0,10.5,2
485,2.0,0.0,1,36.0,0.0,0.0,12.875,0
486,2.0,0.0,1,24.0,0.0,0.0,10.5,2
487,2.0,0.0,1,61.0,0.0,0.0,12.35,1
488,2.0,0.0,1,50.0,1.0,0.0,26.0,2
489,2.0,1.0,0,42.0,1.0,0.0,26.0,2
490,2.0,0.0,0,57.0,0.0,0.0,10.5,2
492,2.0,1.0,1,1.0,0.0,2.0,37.0042,0
493,2.0,0.0,1,31.0,1.0,1.0,37.0042,0
494,2.0,1.0,0,24.0,1.0,1.0,37.0042,0
496,2.0,0.0,1,30.0,0.0,0.0,13.0,2
497,2.0,0.0,1,40.0,0.0,0.0,16.0,2
498,2.0,0.0,1,32.0,0.0,0.0,13.5,2
499,2.0,0.0,1,30.0,0.0,0.0,13.0,2
500,2.0,0.0,1,46.0,0.0,0.0,26.0,2
501,2.0,1.0,0,13.0,0.0,1.0,19.5,2
502,2.0,1.0,0,41.0,0.0,1.0,19.5,2
503,2.0,1.0,1,19.0,0.0,0.0,10.5,2
504,2.0,0.0,1,39.0,0.0,0.0,13.0,2
505,2.0,0.0,1,48.0,0.0,0.0,13.0,2
506,2.0,0.0,1,70.0,0.0,0.0,10.5,2
507,2.0,0.0,1,27.0,0.0,0.0,13.0,2
508,2.0,0.0,1,54.0,0.0,0.0,14.0,2
509,2.0,0.0,1,39.0,0.0,0.0,26.0,2
510,2.0,0.0,1,16.0,0.0,0.0,10.5,2
511,2.0,0.0,1,62.0,0.0,0.0,9.6875,1
512,2.0,0.0,1,32.5,1.0,0.0,30.0708,0
513,2.0,1.0,0,14.0,1.0,0.0,30.0708,0
514,2.0,1.0,1,2.0,1.0,1.0,26.0,2
515,2.0,1.0,1,3.0,1.0,1.0,26.0,2
516,2.0,0.0,1,36.5,0.0,2.0,26.0,2
517,2.0,0.0,1,26.0,0.0,0.0,13.0,2
518,2.0,0.0,1,19.0,1.0,1.0,36.75,2
519,2.0,0.0,1,28.0,0.0,0.0,13.5,2
520,2.0,1.0,1,20.0,0.0,0.0,13.8625,0
521,2.0,1.0,0,29.0,0.0,0.0,10.5,2
522,2.0,0.0,1,39.0,0.0,0.0,13.0,2
523,2.0,1.0,1,22.0,0.0,0.0,10.5,2
525,2.0,0.0,1,23.0,0.0,0.0,10.5,2
526,2.0,1.0,1,29.0,0.0,0.0,13.8583,0
527,2.0,0.0,1,28.0,0.0,0.0,10.5,2
529,2.0,1.0,0,50.0,0.0,1.0,26.0,2
530,2.0,0.0,1,19.0,0.0,0.0,10.5,2
532,2.0,0.0,1,41.0,0.0,0.0,13.0,2
533,2.0,1.0,0,21.0,0.0,1.0,21.0,2
534,2.0,1.0,0,19.0,0.0,0.0,26.0,2
535,2.0,0.0,1,43.0,0.0,1.0,21.0,2
536,2.0,1.0,0,32.0,0.0,0.0,13.0,2
537,2.0,0.0,1,34.0,0.0,0.0,13.0,2
538,2.0,1.0,1,30.0,0.0,0.0,12.7375,0
539,2.0,0.0,1,27.0,0.0,0.0,15.0333,0
540,2.0,1.0,0,2.0,1.0,1.0,26.0,2
541,2.0,1.0,0,8.0,1.0,1.0,26.0,2
542,2.0,1.0,0,33.0,0.0,2.0,26.0,2
543,2.0,0.0,1,36.0,0.0,0.0,10.5,2
544,2.0,0.0,1,34.0,1.0,0.0,21.0,2
545,2.0,1.0,0,30.0,3.0,0.0,21.0,2
546,2.0,1.0,0,28.0,0.0,0.0,13.0,2
547,2.0,0.0,1,23.0,0.0,0.0,15.0458,0
548,2.0,1.0,1,0.8333,1.0,1.0,18.75,2
549,2.0,1.0,1,3.0,1.0,1.0,18.75,2
550,2.0,1.0,0,24.0,2.0,3.0,18.75,2
551,2.0,1.0,0,50.0,0.0,0.0,10.5,2
552,2.0,0.0,1,19.0,0.0,0.0,10.5,2
553,2.0,1.0,0,21.0,0.0,0.0,10.5,2
554,2.0,0.0,1,26.0,0.0,0.0,13.0,2
555,2.0,0.0,1,25.0,0.0,0.0,13.0,2
556,2.0,0.0,1,27.0,0.0,0.0,26.0,2
557,2.0,1.0,0,25.0,0.0,1.0,26.0,2
558,2.0,1.0,0,18.0,0.0,2.0,13.0,2
559,2.0,1.0,0,20.0,0.0,0.0,36.75,2
560,2.0,1.0,0,30.0,0.0,0.0,13.0,2
561,2.0,0.0,1,59.0,0.0,0.0,13.5,2
562,2.0,1.0,0,30.0,0.0,0.0,12.35,1
563,2.0,0.0,1,35.0,0.0,0.0,10.5,2
564,2.0,1.0,0,40.0,0.0,0.0,13.0,2
565,2.0,0.0,1,25.0,0.0,0.0,13.0,2
566,2.0,0.0,1,41.0,0.0,0.0,15.0458,0
567,2.0,0.0,1,25.0,0.0,0.0,10.5,2
568,2.0,0.0,1,18.5,0.0,0.0,13.0,2
569,2.0,0.0,1,14.0,0.0,0.0,65.0,2
570,2.0,1.0,0,50.0,0.0,0.0,10.5,2
571,2.0,0.0,1,23.0,0.0,0.0,13.0,2
572,2.0,1.0,0,28.0,0.0,0.0,12.65,2
573,2.0,1.0,0,27.0,0.0,0.0,10.5,2
574,2.0,0.0,1,29.0,1.0,0.0,21.0,2
575,2.0,0.0,0,27.0,1.0,0.0,21.0,2
576,2.0,0.0,1,40.0,0.0,0.0,13.0,2
577,2.0,1.0,0,31.0,0.0,0.0,21.0,2
578,2.0,0.0,1,30.0,1.0,0.0,21.0,2
579,2.0,0.0,1,23.0,1.0,0.0,10.5,2
580,2.0,1.0,0,31.0,0.0,0.0,21.0,2
582,2.0,1.0,0,12.0,0.0,0.0,15.75,2
583,2.0,1.0,0,40.0,0.0,0.0,15.75,2
584,2.0,1.0,0,32.5,0.0,0.0,13.0,2
585,2.0,0.0,1,27.0,1.0,0.0,26.0,2
586,2.0,1.0,0,29.0,1.0,0.0,26.0,2
587,2.0,1.0,1,2.0,1.0,1.0,23.0,2
588,2.0,1.0,0,4.0,1.0,1.0,23.0,2
589,2.0,1.0,0,29.0,0.0,2.0,23.0,2
590,2.0,1.0,0,0.9167,1.0,2.0,27.75,2
591,2.0,1.0,0,5.0,1.0,2.0,27.75,2
592,2.0,0.0,1,36.0,1.0,2.0,27.75,2
593,2.0,1.0,0,33.0,1.0,2.0,27.75,2
594,2.0,0.0,1,66.0,0.0,0.0,10.5,2
596,2.0,1.0,1,31.0,0.0,0.0,13.0,2
598,2.0,1.0,0,26.0,0.0,0.0,13.5,2
599,2.0,0.0,0,24.0,0.0,0.0,13.0,2
600,3.0,0.0,1,42.0,0.0,0.0,7.55,2
601,3.0,0.0,1,13.0,0.0,2.0,20.25,2
602,3.0,0.0,1,16.0,1.0,1.0,20.25,2
603,3.0,1.0,0,35.0,1.0,1.0,20.25,2
604,3.0,1.0,0,16.0,0.0,0.0,7.65,2
605,3.0,1.0,1,25.0,0.0,0.0,7.65,2
606,3.0,1.0,1,20.0,0.0,0.0,7.925,2
607,3.0,1.0,0,18.0,0.0,0.0,7.2292,0
608,3.0,0.0,1,30.0,0.0,0.0,7.25,2
609,3.0,0.0,1,26.0,0.0,0.0,8.05,2
610,3.0,0.0,0,40.0,1.0,0.0,9.475,2
611,3.0,1.0,1,0.8333,0.0,1.0,9.35,2
612,3.0,1.0,0,18.0,0.0,1.0,9.35,2
613,3.0,1.0,1,26.0,0.0,0.0,18.7875,0
614,3.0,0.0,1,26.0,0.0,0.0,7.8875,2
615,3.0,0.0,1,20.0,0.0,0.0,7.925,2
616,3.0,0.0,1,24.0,0.0,0.0,7.05,2
617,3.0,0.0,1,25.0,0.0,0.0,7.05,2
618,3.0,0.0,1,35.0,0.0,0.0,8.05,2
619,3.0,0.0,1,18.0,0.0,0.0,8.3,2
620,3.0,0.0,1,32.0,0.0,0.0,22.525,2
621,3.0,1.0,0,19.0,1.0,0.0,7.8542,2
622,3.0,0.0,1,4.0,4.0,2.0,31.275,2
623,3.0,0.0,0,6.0,4.0,2.0,31.275,2
624,3.0,0.0,0,2.0,4.0,2.0,31.275,2
625,3.0,1.0,0,17.0,4.0,2.0,7.925,2
626,3.0,0.0,0,38.0,4.0,2.0,7.775,2
627,3.0,0.0,0,9.0,4.0,2.0,31.275,2
628,3.0,0.0,0,11.0,4.0,2.0,31.275,2
629,3.0,0.0,1,39.0,1.0,5.0,31.275,2
630,3.0,1.0,1,27.0,0.0,0.0,7.7958,2
631,3.0,0.0,1,26.0,0.0,0.0,7.775,2
632,3.0,0.0,0,39.0,1.0,5.0,31.275,2
633,3.0,0.0,1,20.0,0.0,0.0,7.8542,2
634,3.0,0.0,1,26.0,0.0,0.0,7.8958,2
635,3.0,0.0,1,25.0,1.0,0.0,17.8,2
636,3.0,0.0,0,18.0,1.0,0.0,17.8,2
637,3.0,0.0,1,24.0,0.0,0.0,7.775,2
638,3.0,0.0,1,35.0,0.0,0.0,7.05,2
639,3.0,0.0,1,5.0,4.0,2.0,31.3875,2
640,3.0,0.0,1,9.0,4.0,2.0,31.3875,2
641,3.0,1.0,1,3.0,4.0,2.0,31.3875,2
642,3.0,0.0,1,13.0,4.0,2.0,31.3875,2
643,3.0,1.0,0,5.0,4.0,2.0,31.3875,2
644,3.0,0.0,1,40.0,1.0,5.0,31.3875,2
645,3.0,1.0,1,23.0,0.0,0.0,7.7958,2
646,3.0,1.0,0,38.0,1.0,5.0,31.3875,2
647,3.0,1.0,0,45.0,0.0,0.0,7.225,0
648,3.0,0.0,1,21.0,0.0,0.0,7.225,0
649,3.0,0.0,1,23.0,0.0,0.0,7.05,2
650,3.0,0.0,0,17.0,0.0,0.0,14.4583,0
651,3.0,0.0,1,30.0,0.0,0.0,7.225,0
652,3.0,0.0,1,23.0,0.0,0.0,7.8542,2
653,3.0,1.0,0,13.0,0.0,0.0,7.2292,0
654,3.0,0.0,1,20.0,0.0,0.0,7.225,0
655,3.0,0.0,1,32.0,1.0,0.0,15.85,2
656,3.0,1.0,0,33.0,3.0,0.0,15.85,2
657,3.0,1.0,0,0.75,2.0,1.0,19.2583,0
658,3.0,1.0,0,0.75,2.0,1.0,19.2583,0
659,3.0,1.0,0,5.0,2.0,1.0,19.2583,0
660,3.0,1.0,0,24.0,0.0,3.0,19.2583,0
661,3.0,1.0,0,18.0,0.0,0.0,8.05,2
662,3.0,0.0,1,40.0,0.0,0.0,7.225,0
663,3.0,0.0,1,26.0,0.0,0.0,7.8958,2
664,3.0,1.0,1,20.0,0.0,0.0,7.2292,0
665,3.0,0.0,0,18.0,0.0,1.0,14.4542,0
666,3.0,0.0,0,45.0,0.0,1.0,14.4542,0
667,3.0,0.0,0,27.0,0.0,0.0,7.8792,1
668,3.0,0.0,1,22.0,0.0,0.0,8.05,2
669,3.0,0.0,1,19.0,0.0,0.0,8.05,2
670,3.0,0.0,1,26.0,0.0,0.0,7.775,2
671,3.0,0.0,1,22.0,0.0,0.0,9.35,2
673,3.0,0.0,1,20.0,0.0,0.0,4.0125,0
674,3.0,1.0,1,32.0,0.0,0.0,56.4958,2
675,3.0,0.0,1,21.0,0.0,0.0,7.775,2
676,3.0,0.0,1,18.0,0.0,0.0,7.75,2
677,3.0,0.0,1,26.0,0.0,0.0,7.8958,2
678,3.0,0.0,1,6.0,1.0,1.0,15.2458,0
679,3.0,0.0,0,9.0,1.0,1.0,15.2458,0
683,3.0,0.0,1,40.0,1.0,1.0,15.5,1
684,3.0,0.0,0,32.0,1.0,1.0,15.5,1
685,3.0,0.0,1,21.0,0.0,0.0,16.1,2
686,3.0,1.0,0,22.0,0.0,0.0,7.725,1
687,3.0,0.0,0,20.0,0.0,0.0,7.8542,2
688,3.0,0.0,1,29.0,1.0,0.0,7.0458,2
689,3.0,0.0,1,22.0,1.0,0.0,7.25,2
690,3.0,0.0,1,22.0,0.0,0.0,7.7958,2
691,3.0,0.0,1,35.0,0.0,0.0,8.05,2
692,3.0,0.0,0,18.5,0.0,0.0,7.2833,1
693,3.0,1.0,1,21.0,0.0,0.0,7.8208,1
694,3.0,0.0,1,19.0,0.0,0.0,6.75,1
695,3.0,0.0,0,18.0,0.0,0.0,7.8792,1
696,3.0,0.0,0,21.0,0.0,0.0,8.6625,2
697,3.0,0.0,0,30.0,0.0,0.0,8.6625,2
698,3.0,0.0,1,18.0,0.0,0.0,8.6625,2
699,3.0,0.0,1,38.0,0.0,0.0,8.6625,2
700,3.0,0.0,1,17.0,0.0,0.0,8.6625,2
701,3.0,0.0,1,17.0,0.0,0.0,8.6625,2
702,3.0,0.0,0,21.0,0.0,0.0,7.75,1
703,3.0,0.0,1,21.0,0.0,0.0,7.75,1
704,3.0,0.0,1,21.0,0.0,0.0,8.05,2
707,3.0,0.0,1,28.0,0.0,0.0,7.7958,2
708,3.0,0.0,1,24.0,0.0,0.0,7.8542,2
709,3.0,1.0,0,16.0,0.0,0.0,7.75,1
710,3.0,0.0,0,37.0,0.0,0.0,7.75,1
711,3.0,0.0,1,28.0,0.0,0.0,7.25,2
712,3.0,0.0,1,24.0,0.0,0.0,8.05,2
713,3.0,0.0,1,21.0,0.0,0.0,7.7333,1
714,3.0,1.0,1,32.0,0.0,0.0,56.4958,2
715,3.0,0.0,1,29.0,0.0,0.0,8.05,2
716,3.0,0.0,1,26.0,1.0,0.0,14.4542,0
717,3.0,0.0,1,18.0,1.0,0.0,14.4542,0
718,3.0,0.0,1,20.0,0.0,0.0,7.05,2
719,3.0,1.0,1,18.0,0.0,0.0,8.05,2
720,3.0,0.0,1,24.0,0.0,0.0,7.25,1
721,3.0,0.0,1,36.0,0.0,0.0,7.4958,2
722,3.0,0.0,1,24.0,0.0,0.0,7.4958,2
723,3.0,0.0,1,31.0,0.0,0.0,7.7333,1
724,3.0,0.0,1,31.0,0.0,0.0,7.75,1
725,3.0,1.0,0,22.0,0.0,0.0,7.75,1
726,3.0,0.0,0,30.0,0.0,0.0,7.6292,1
727,3.0,0.0,1,70.5,0.0,0.0,7.75,1
728,3.0,0.0,1,43.0,0.0,0.0,8.05,2
729,3.0,0.0,1,35.0,0.0,0.0,7.8958,2
730,3.0,0.0,1,27.0,0.0,0.0,7.8958,2
731,3.0,0.0,1,19.0,0.0,0.0,7.8958,2
732,3.0,0.0,1,30.0,0.0,0.0,8.05,2
733,3.0,1.0,1,9.0,1.0,1.0,15.9,2
734,3.0,1.0,1,3.0,1.0,1.0,15.9,2
735,3.0,1.0,0,36.0,0.0,2.0,15.9,2
736,3.0,0.0,1,59.0,0.0,0.0,7.25,2
737,3.0,0.0,1,19.0,0.0,0.0,8.1583,2
738,3.0,1.0,0,17.0,0.0,1.0,16.1,2
739,3.0,0.0,1,44.0,0.0,1.0,16.1,2
740,3.0,0.0,1,17.0,0.0,0.0,8.6625,2
741,3.0,0.0,1,22.5,0.0,0.0,7.225,0
742,3.0,1.0,1,45.0,0.0,0.0,8.05,2
743,3.0,0.0,0,22.0,0.0,0.0,10.5167,2
744,3.0,0.0,1,19.0,0.0,0.0,10.1708,2
745,3.0,1.0,0,30.0,0.0,0.0,6.95,1
746,3.0,1.0,1,29.0,0.0,0.0,7.75,1
747,3.0,0.0,1,0.3333,0.0,2.0,14.4,2
748,3.0,0.0,1,34.0,1.0,1.0,14.4,2
749,3.0,0.0,0,28.0,1.0,1.0,14.4,2
750,3.0,0.0,1,27.0,0.0,0.0,7.8958,2
751,3.0,0.0,1,25.0,0.0,0.0,7.8958,2
752,3.0,0.0,1,24.0,2.0,0.0,24.15,2
753,3.0,0.0,1,22.0,0.0,0.0,8.05,2
754,3.0,0.0,1,21.0,2.0,0.0,24.15,2
755,3.0,0.0,1,17.0,2.0,0.0,8.05,2
758,3.0,1.0,1,36.5,1.0,0.0,17.4,2
759,3.0,1.0,0,36.0,1.0,0.0,17.4,2
760,3.0,1.0,1,30.0,0.0,0.0,9.5,2
761,3.0,0.0,1,16.0,0.0,0.0,9.5,2
762,3.0,1.0,1,1.0,1.0,2.0,20.575,2
763,3.0,1.0,0,0.1667,1.0,2.0,20.575,2
764,3.0,0.0,1,26.0,1.0,2.0,20.575,2
765,3.0,1.0,0,33.0,1.0,2.0,20.575,2
766,3.0,0.0,1,25.0,0.0,0.0,7.8958,2
769,3.0,0.0,1,22.0,0.0,0.0,7.25,2
770,3.0,0.0,1,36.0,0.0,0.0,7.25,2
771,3.0,1.0,0,19.0,0.0,0.0,7.8792,1
772,3.0,0.0,1,17.0,0.0,0.0,7.8958,2
773,3.0,0.0,1,42.0,0.0,0.0,8.6625,2
774,3.0,0.0,1,43.0,0.0,0.0,7.8958,2
776,3.0,0.0,1,32.0,0.0,0.0,7.75,1
777,3.0,1.0,1,19.0,0.0,0.0,8.05,2
778,3.0,1.0,0,30.0,0.0,0.0,12.475,2
779,3.0,0.0,0,24.0,0.0,0.0,7.75,1
780,3.0,1.0,0,23.0,0.0,0.0,8.05,2
781,3.0,0.0,1,33.0,0.0,0.0,7.8958,0
782,3.0,0.0,1,65.0,0.0,0.0,7.75,1
783,3.0,1.0,1,24.0,0.0,0.0,7.55,2
784,3.0,0.0,1,23.0,1.0,0.0,13.9,2
785,3.0,1.0,0,22.0,1.0,0.0,13.9,2
786,3.0,0.0,1,18.0,0.0,0.0,7.775,2
787,3.0,0.0,1,16.0,0.0,0.0,7.775,2
788,3.0,0.0,1,45.0,0.0,0.0,6.975,2
790,3.0,0.0,1,39.0,0.0,2.0,7.2292,0
791,3.0,0.0,1,17.0,1.0,1.0,7.2292,0
792,3.0,0.0,1,15.0,1.0,1.0,7.2292,0
793,3.0,0.0,1,47.0,0.0,0.0,7.25,2
794,3.0,1.0,0,5.0,0.0,0.0,12.475,2
796,3.0,0.0,1,40.5,0.0,0.0,15.1,2
797,3.0,0.0,1,40.5,0.0,0.0,7.75,1
799,3.0,0.0,1,18.0,0.0,0.0,7.7958,2
803,3.0,0.0,1,26.0,0.0,0.0,7.8792,1
806,3.0,0.0,0,21.0,2.0,2.0,34.375,2
807,3.0,0.0,0,9.0,2.0,2.0,34.375,2
809,3.0,0.0,1,18.0,2.0,2.0,34.375,2
810,3.0,0.0,1,16.0,1.0,3.0,34.375,2
811,3.0,0.0,0,48.0,1.0,3.0,34.375,2
814,3.0,0.0,1,25.0,0.0,0.0,7.7417,1
817,3.0,0.0,1,22.0,0.0,0.0,8.05,2
818,3.0,1.0,0,16.0,0.0,0.0,7.7333,1
820,3.0,1.0,1,9.0,0.0,2.0,20.525,2
821,3.0,0.0,1,33.0,1.0,1.0,20.525,2
822,3.0,0.0,1,41.0,0.0,0.0,7.85,2
823,3.0,1.0,0,31.0,1.0,1.0,20.525,2
824,3.0,0.0,1,38.0,0.0,0.0,7.05,2
825,3.0,0.0,1,9.0,5.0,2.0,46.9,2
826,3.0,0.0,1,1.0,5.0,2.0,46.9,2
827,3.0,0.0,1,11.0,5.0,2.0,46.9,2
828,3.0,0.0,0,10.0,5.0,2.0,46.9,2
829,3.0,0.0,0,16.0,5.0,2.0,46.9,2
830,3.0,0.0,1,14.0,5.0,2.0,46.9,2
831,3.0,0.0,1,40.0,1.0,6.0,46.9,2
832,3.0,0.0,0,43.0,1.0,6.0,46.9,2
833,3.0,0.0,1,51.0,0.0,0.0,8.05,2
834,3.0,0.0,1,32.0,0.0,0.0,8.3625,2
836,3.0,0.0,1,20.0,0.0,0.0,9.8458,2
837,3.0,0.0,1,37.0,2.0,0.0,7.925,2
838,3.0,0.0,1,28.0,2.0,0.0,7.925,2
839,3.0,0.0,1,19.0,0.0,0.0,7.775,2
840,3.0,0.0,0,24.0,0.0,0.0,8.85,2
841,3.0,0.0,0,17.0,0.0,0.0,7.7333,1
844,3.0,0.0,1,28.0,1.0,0.0,15.85,2
845,3.0,1.0,0,24.0,1.0,0.0,15.85,2
846,3.0,0.0,1,20.0,0.0,0.0,9.5,2
847,3.0,0.0,1,23.5,0.0,0.0,7.2292,0
848,3.0,0.0,1,41.0,2.0,0.0,14.1083,2
849,3.0,0.0,1,26.0,1.0,0.0,7.8542,2
850,3.0,0.0,1,21.0,0.0,0.0,7.8542,2
851,3.0,1.0,0,45.0,1.0,0.0,14.1083,2
853,3.0,0.0,1,25.0,0.0,0.0,7.25,2
855,3.0,0.0,1,11.0,0.0,0.0,18.7875,0
857,3.0,1.0,1,27.0,0.0,0.0,6.975,2
859,3.0,0.0,0,18.0,0.0,0.0,6.75,1
860,3.0,1.0,0,26.0,0.0,0.0,7.925,2
861,3.0,0.0,0,23.0,0.0,0.0,7.925,2
862,3.0,1.0,0,22.0,0.0,0.0,8.9625,2
863,3.0,0.0,1,28.0,0.0,0.0,7.8958,2
864,3.0,0.0,0,28.0,0.0,0.0,7.775,2
866,3.0,1.0,0,2.0,0.0,1.0,12.2875,2
867,3.0,1.0,0,22.0,1.0,1.0,12.2875,2
868,3.0,0.0,1,43.0,0.0,0.0,6.45,2
869,3.0,0.0,1,28.0,0.0,0.0,22.525,2
870,3.0,1.0,0,27.0,0.0,0.0,7.925,2
873,3.0,0.0,1,42.0,0.0,0.0,7.65,2
875,3.0,0.0,1,30.0,0.0,0.0,7.2292,0
877,3.0,0.0,0,27.0,1.0,0.0,7.925,2
878,3.0,0.0,0,25.0,1.0,0.0,7.925,2
880,3.0,1.0,1,29.0,0.0,0.0,7.8958,0
881,3.0,1.0,1,21.0,0.0,0.0,7.7958,2
883,3.0,0.0,1,20.0,0.0,0.0,7.8542,2
884,3.0,0.0,1,48.0,0.0,0.0,7.8542,2
885,3.0,0.0,1,17.0,1.0,0.0,7.0542,2
888,3.0,0.0,1,34.0,0.0,0.0,6.4958,2
889,3.0,1.0,1,26.0,0.0,0.0,7.775,2
890,3.0,0.0,1,22.0,0.0,0.0,7.7958,2
891,3.0,0.0,1,33.0,0.0,0.0,8.6542,2
892,3.0,0.0,1,31.0,0.0,0.0,7.775,2
893,3.0,0.0,1,29.0,0.0,0.0,7.8542,2
894,3.0,1.0,1,4.0,1.0,1.0,11.1333,2
895,3.0,1.0,0,1.0,1.0,1.0,11.1333,2
896,3.0,0.0,1,49.0,0.0,0.0,0.0,2
897,3.0,0.0,1,33.0,0.0,0.0,7.775,2
898,3.0,0.0,1,19.0,0.0,0.0,0.0,2
899,3.0,1.0,0,27.0,0.0,2.0,11.1333,2
904,3.0,0.0,1,23.0,0.0,0.0,7.8958,2
905,3.0,1.0,1,32.0,0.0,0.0,7.8542,2
906,3.0,0.0,1,27.0,0.0,0.0,7.8542,2
907,3.0,0.0,0,20.0,1.0,0.0,9.825,2
908,3.0,0.0,0,21.0,1.0,0.0,9.825,2
909,3.0,1.0,1,32.0,0.0,0.0,7.925,2
910,3.0,0.0,1,17.0,0.0,0.0,7.125,2
911,3.0,0.0,1,21.0,0.0,0.0,8.4333,2
912,3.0,0.0,1,30.0,0.0,0.0,7.8958,2
913,3.0,1.0,1,21.0,0.0,0.0,7.7958,2
914,3.0,0.0,1,33.0,0.0,0.0,7.8542,2
915,3.0,0.0,1,22.0,0.0,0.0,7.5208,2
916,3.0,1.0,0,4.0,0.0,1.0,13.4167,0
917,3.0,1.0,1,39.0,0.0,1.0,13.4167,0
919,3.0,0.0,1,18.5,0.0,0.0,7.2292,0
924,3.0,0.0,1,34.5,0.0,0.0,7.8292,1
925,3.0,0.0,1,44.0,0.0,0.0,8.05,2
932,3.0,0.0,0,22.0,2.0,0.0,8.6625,2
933,3.0,0.0,1,26.0,2.0,0.0,8.6625,2
934,3.0,1.0,0,4.0,0.0,2.0,22.025,2
935,3.0,1.0,1,29.0,3.0,1.0,22.025,2
936,3.0,1.0,0,26.0,1.0,1.0,22.025,2
937,3.0,0.0,0,1.0,1.0,1.0,12.1833,2
938,3.0,0.0,1,18.0,1.0,1.0,7.8542,2
939,3.0,0.0,0,36.0,0.0,2.0,12.1833,2
941,3.0,1.0,1,25.0,0.0,0.0,7.2292,0
943,3.0,0.0,0,37.0,0.0,0.0,9.5875,2
947,3.0,1.0,0,22.0,0.0,0.0,7.25,2
949,3.0,1.0,1,26.0,0.0,0.0,56.4958,2
950,3.0,0.0,1,29.0,0.0,0.0,9.4833,2
951,3.0,0.0,1,29.0,0.0,0.0,7.775,2
952,3.0,0.0,1,22.0,0.0,0.0,7.775,2
953,3.0,1.0,1,22.0,0.0,0.0,7.225,0
959,3.0,0.0,1,32.0,0.0,0.0,7.925,2
960,3.0,0.0,1,34.5,0.0,0.0,6.4375,0
963,3.0,0.0,1,36.0,0.0,0.0,0.0,2
964,3.0,0.0,1,39.0,0.0,0.0,24.15,2
965,3.0,0.0,1,24.0,0.0,0.0,9.5,2
966,3.0,0.0,0,25.0,0.0,0.0,7.775,2
967,3.0,0.0,0,45.0,0.0,0.0,7.75,2
968,3.0,0.0,1,36.0,1.0,0.0,15.55,2
969,3.0,0.0,0,30.0,1.0,0.0,15.55,2
970,3.0,1.0,1,20.0,1.0,0.0,7.925,2
972,3.0,0.0,1,28.0,0.0,0.0,56.4958,2
974,3.0,0.0,1,30.0,1.0,0.0,16.1,2
975,3.0,0.0,0,26.0,1.0,0.0,16.1,2
977,3.0,0.0,1,20.5,0.0,0.0,7.25,2
978,3.0,1.0,1,27.0,0.0,0.0,8.6625,2
979,3.0,0.0,1,51.0,0.0,0.0,7.0542,2
980,3.0,1.0,0,23.0,0.0,0.0,7.8542,2
981,3.0,1.0,1,32.0,0.0,0.0,7.5792,2
985,3.0,1.0,1,24.0,0.0,0.0,7.1417,2
986,3.0,0.0,1,22.0,0.0,0.0,7.125,2
990,3.0,0.0,1,29.0,0.0,0.0,7.925,2
992,3.0,0.0,0,30.5,0.0,0.0,7.75,1
995,3.0,0.0,1,35.0,0.0,0.0,7.8958,0
996,3.0,0.0,1,33.0,0.0,0.0,7.8958,2
1007,3.0,1.0,0,15.0,0.0,0.0,8.0292,1
1008,3.0,0.0,0,35.0,0.0,0.0,7.75,1
1010,3.0,0.0,1,24.0,1.0,0.0,16.1,2
1011,3.0,0.0,0,19.0,1.0,0.0,16.1,2
1015,3.0,0.0,1,55.5,0.0,0.0,8.05,2
1017,3.0,1.0,1,21.0,0.0,0.0,7.775,2
1019,3.0,0.0,1,24.0,0.0,0.0,7.8958,2
1020,3.0,0.0,1,21.0,0.0,0.0,7.8958,2
1021,3.0,0.0,1,28.0,0.0,0.0,7.8958,2
1024,3.0,0.0,1,25.0,0.0,0.0,7.65,2
1025,3.0,1.0,1,6.0,0.0,1.0,12.475,2
1026,3.0,1.0,0,27.0,0.0,1.0,12.475,2
1031,3.0,0.0,1,34.0,0.0,0.0,8.05,2
1040,3.0,1.0,0,24.0,0.0,0.0,7.75,1
1045,3.0,0.0,1,18.0,0.0,0.0,7.75,2
1046,3.0,0.0,1,22.0,0.0,0.0,7.8958,2
1047,3.0,1.0,0,15.0,0.0,0.0,7.225,0
1048,3.0,1.0,0,1.0,0.0,2.0,15.7417,0
1049,3.0,1.0,1,20.0,1.0,1.0,15.7417,0
1050,3.0,1.0,0,19.0,1.0,1.0,15.7417,0
1051,3.0,0.0,1,33.0,0.0,0.0,8.05,2
1056,3.0,1.0,1,12.0,1.0,0.0,11.2417,0
1057,3.0,1.0,0,14.0,1.0,0.0,11.2417,0
1058,3.0,0.0,0,29.0,0.0,0.0,7.925,2
1059,3.0,0.0,1,28.0,0.0,0.0,8.05,2
1060,3.0,1.0,0,18.0,0.0,0.0,7.775,2
1061,3.0,1.0,0,26.0,0.0,0.0,7.8542,2
1062,3.0,0.0,1,21.0,0.0,0.0,7.8542,2
1063,3.0,0.0,1,41.0,0.0,0.0,7.125,2
1064,3.0,1.0,1,39.0,0.0,0.0,7.925,2
1065,3.0,0.0,1,21.0,0.0,0.0,7.8,2
1066,3.0,0.0,1,28.5,0.0,0.0,7.2292,0
1067,3.0,1.0,0,22.0,0.0,0.0,7.75,2
1068,3.0,0.0,1,61.0,0.0,0.0,6.2375,2
1075,3.0,0.0,1,23.0,0.0,0.0,9.225,2
1079,3.0,1.0,0,22.0,0.0,0.0,7.775,2
1082,3.0,1.0,1,9.0,0.0,1.0,3.1708,2
1083,3.0,0.0,1,28.0,0.0,0.0,22.525,2
1084,3.0,0.0,1,42.0,0.0,1.0,8.4042,2
1086,3.0,0.0,0,31.0,0.0,0.0,7.8542,2
1087,3.0,0.0,1,28.0,0.0,0.0,7.8542,2
1088,3.0,1.0,1,32.0,0.0,0.0,7.775,2
1089,3.0,0.0,1,20.0,0.0,0.0,9.225,2
1090,3.0,0.0,0,23.0,0.0,0.0,8.6625,2
1091,3.0,0.0,0,20.0,0.0,0.0,8.6625,2
1092,3.0,0.0,1,20.0,0.0,0.0,8.6625,2
1093,3.0,0.0,1,16.0,0.0,0.0,9.2167,2
1094,3.0,1.0,0,31.0,0.0,0.0,8.6833,2
1096,3.0,0.0,1,2.0,3.0,1.0,21.075,2
1097,3.0,0.0,1,6.0,3.0,1.0,21.075,2
1098,3.0,0.0,0,3.0,3.0,1.0,21.075,2
1099,3.0,0.0,0,8.0,3.0,1.0,21.075,2
1100,3.0,0.0,0,29.0,0.0,4.0,21.075,2
1101,3.0,0.0,1,1.0,4.0,1.0,39.6875,2
1102,3.0,0.0,1,7.0,4.0,1.0,39.6875,2
1103,3.0,0.0,1,2.0,4.0,1.0,39.6875,2
1104,3.0,0.0,1,16.0,4.0,1.0,39.6875,2
1105,3.0,0.0,1,14.0,4.0,1.0,39.6875,2
1106,3.0,0.0,0,41.0,0.0,5.0,39.6875,2
1107,3.0,0.0,1,21.0,0.0,0.0,8.6625,2
1108,3.0,0.0,1,19.0,0.0,0.0,14.5,2
1110,3.0,0.0,1,32.0,0.0,0.0,7.8958,2
1111,3.0,0.0,1,0.75,1.0,1.0,13.775,2
1112,3.0,0.0,0,3.0,1.0,1.0,13.775,2
1113,3.0,0.0,0,26.0,0.0,2.0,13.775,2
1117,3.0,0.0,1,21.0,0.0,0.0,7.925,2
1118,3.0,0.0,1,25.0,0.0,0.0,7.925,2
1119,3.0,0.0,1,22.0,0.0,0.0,7.25,2
1120,3.0,1.0,1,25.0,1.0,0.0,7.775,2
1125,3.0,0.0,1,24.0,0.0,0.0,8.05,2
1126,3.0,0.0,0,28.0,0.0,0.0,7.8958,2
1127,3.0,0.0,1,19.0,0.0,0.0,7.8958,2
1129,3.0,0.0,1,25.0,1.0,0.0,7.775,2
1130,3.0,0.0,0,18.0,0.0,0.0,7.775,2
1131,3.0,1.0,1,32.0,0.0,0.0,8.05,2
1133,3.0,0.0,1,17.0,0.0,0.0,8.6625,2
1134,3.0,0.0,1,24.0,0.0,0.0,8.6625,2
1139,3.0,0.0,1,38.0,0.0,0.0,7.8958,2
1140,3.0,0.0,1,21.0,0.0,0.0,8.05,2
1141,3.0,0.0,1,10.0,4.0,1.0,29.125,1
1142,3.0,0.0,1,4.0,4.0,1.0,29.125,1
1143,3.0,0.0,1,7.0,4.0,1.0,29.125,1
1144,3.0,0.0,1,2.0,4.0,1.0,29.125,1
1145,3.0,0.0,1,8.0,4.0,1.0,29.125,1
1146,3.0,0.0,0,39.0,0.0,5.0,29.125,1
1147,3.0,0.0,0,22.0,0.0,0.0,39.6875,2
1148,3.0,0.0,1,35.0,0.0,0.0,7.125,2
1152,3.0,0.0,1,50.0,1.0,0.0,14.5,2
1153,3.0,0.0,0,47.0,1.0,0.0,14.5,2
1156,3.0,0.0,0,2.0,1.0,1.0,20.2125,2
1157,3.0,0.0,1,18.0,1.0,1.0,20.2125,2
1158,3.0,0.0,0,41.0,0.0,2.0,20.2125,2
1160,3.0,0.0,1,50.0,0.0,0.0,8.05,2
1161,3.0,0.0,1,16.0,0.0,0.0,8.05,2
1165,3.0,0.0,1,25.0,0.0,0.0,7.225,0
1169,3.0,0.0,1,38.5,0.0,0.0,7.25,2
1171,3.0,0.0,1,14.5,8.0,2.0,69.55,2
1181,3.0,0.0,1,24.0,0.0,0.0,9.325,2
1182,3.0,1.0,0,21.0,0.0,0.0,7.65,2
1183,3.0,0.0,1,39.0,0.0,0.0,7.925,2
1187,3.0,1.0,0,1.0,1.0,1.0,16.7,2
1188,3.0,1.0,0,24.0,0.0,2.0,16.7,2
1189,3.0,1.0,0,4.0,1.0,1.0,16.7,2
1190,3.0,1.0,1,25.0,0.0,0.0,9.5,2
1191,3.0,0.0,1,20.0,0.0,0.0,8.05,2
1192,3.0,0.0,1,24.5,0.0,0.0,8.05,2
1196,3.0,1.0,1,29.0,0.0,0.0,9.5,2
1201,3.0,0.0,1,22.0,0.0,0.0,7.2292,0
1203,3.0,0.0,1,40.0,0.0,0.0,7.8958,2
1204,3.0,0.0,1,21.0,0.0,0.0,7.925,2
1205,3.0,1.0,0,18.0,0.0,0.0,7.4958,2
1206,3.0,0.0,1,4.0,3.0,2.0,27.9,2
1207,3.0,0.0,1,10.0,3.0,2.0,27.9,2
1208,3.0,0.0,0,9.0,3.0,2.0,27.9,2
1209,3.0,0.0,0,2.0,3.0,2.0,27.9,2
1210,3.0,0.0,1,40.0,1.0,4.0,27.9,2
1211,3.0,0.0,0,45.0,1.0,4.0,27.9,2
1217,3.0,0.0,1,19.0,0.0,0.0,7.65,2
1218,3.0,0.0,1,30.0,0.0,0.0,8.05,2
1220,3.0,0.0,1,32.0,0.0,0.0,8.05,2
1222,3.0,0.0,1,33.0,0.0,0.0,8.6625,0
1223,3.0,1.0,0,23.0,0.0,0.0,7.55,2
1224,3.0,0.0,1,21.0,0.0,0.0,8.05,2
1226,3.0,0.0,1,19.0,0.0,0.0,7.8958,2
1227,3.0,0.0,0,22.0,0.0,0.0,9.8375,2
1228,3.0,1.0,1,31.0,0.0,0.0,7.925,2
1229,3.0,0.0,1,27.0,0.0,0.0,8.6625,2
1230,3.0,0.0,0,2.0,0.0,1.0,10.4625,2
1231,3.0,0.0,0,29.0,1.0,1.0,10.4625,2
1232,3.0,1.0,1,16.0,0.0,0.0,8.05,2
1233,3.0,1.0,1,44.0,0.0,0.0,7.925,2
1234,3.0,0.0,1,25.0,0.0,0.0,7.05,2
1235,3.0,0.0,1,74.0,0.0,0.0,7.775,2
1236,3.0,1.0,1,14.0,0.0,0.0,9.225,2
1237,3.0,0.0,1,24.0,0.0,0.0,7.7958,2
1238,3.0,1.0,1,25.0,0.0,0.0,7.7958,2
1239,3.0,0.0,1,34.0,0.0,0.0,8.05,2
1240,3.0,1.0,1,0.4167,0.0,1.0,8.5167,0
1244,3.0,1.0,0,16.0,1.0,1.0,8.5167,0
1248,3.0,0.0,1,32.0,0.0,0.0,7.925,2
1251,3.0,0.0,1,30.5,0.0,0.0,8.05,2
1252,3.0,0.0,1,44.0,0.0,0.0,8.05,2
1254,3.0,1.0,1,25.0,0.0,0.0,0.0,2
1256,3.0,1.0,1,7.0,1.0,1.0,15.2458,0
1257,3.0,1.0,0,9.0,1.0,1.0,15.2458,0
1258,3.0,1.0,0,29.0,0.0,2.0,15.2458,0
1259,3.0,0.0,1,36.0,0.0,0.0,7.8958,2
1260,3.0,1.0,0,18.0,0.0,0.0,9.8417,2
1261,3.0,1.0,0,63.0,0.0,0.0,9.5875,2
1263,3.0,0.0,1,11.5,1.0,1.0,14.5,2
1264,3.0,0.0,1,40.5,0.0,2.0,14.5,2
1265,3.0,0.0,0,10.0,0.0,2.0,24.15,2
1266,3.0,0.0,1,36.0,1.0,1.0,24.15,2
1267,3.0,0.0,0,30.0,1.0,1.0,24.15,2
1269,3.0,0.0,1,33.0,0.0,0.0,9.5,2
1270,3.0,0.0,1,28.0,0.0,0.0,9.5,2
1271,3.0,0.0,1,28.0,0.0,0.0,9.5,2
1272,3.0,0.0,1,47.0,0.0,0.0,9.0,2
1273,3.0,0.0,0,18.0,2.0,0.0,18.0,2
1274,3.0,0.0,1,31.0,3.0,0.0,18.0,2
1275,3.0,0.0,1,16.0,2.0,0.0,18.0,2
1276,3.0,0.0,0,31.0,1.0,0.0,18.0,2
1277,3.0,1.0,1,22.0,0.0,0.0,7.225,0
1278,3.0,0.0,1,20.0,0.0,0.0,7.8542,2
1279,3.0,0.0,0,14.0,0.0,0.0,7.8542,2
1280,3.0,0.0,1,22.0,0.0,0.0,7.8958,2
1281,3.0,0.0,1,22.0,0.0,0.0,9.0,2
1285,3.0,0.0,1,32.5,0.0,0.0,9.5,2
1286,3.0,1.0,0,38.0,0.0,0.0,7.2292,0
1287,3.0,0.0,1,51.0,0.0,0.0,7.75,2
1288,3.0,0.0,1,18.0,1.0,0.0,6.4958,2
1289,3.0,0.0,1,21.0,1.0,0.0,6.4958,2
1290,3.0,1.0,0,47.0,1.0,0.0,7.0,2
1294,3.0,0.0,1,28.5,0.0,0.0,16.1,2
1295,3.0,0.0,1,21.0,0.0,0.0,7.25,2
1296,3.0,0.0,1,27.0,0.0,0.0,8.6625,2
1298,3.0,0.0,1,36.0,0.0,0.0,9.5,2
1299,3.0,0.0,1,27.0,1.0,0.0,14.4542,0
1300,3.0,1.0,0,15.0,1.0,0.0,14.4542,0
1301,3.0,0.0,1,45.5,0.0,0.0,7.225,0
1304,3.0,0.0,0,14.5,1.0,0.0,14.4542,0
1306,3.0,0.0,1,26.5,0.0,0.0,7.225,0
1307,3.0,0.0,1,27.0,0.0,0.0,7.225,0
1308,3.0,0.0,1,29.0,0.0,0.0,7.875,2
